timestamp;tagname;value;quality
23/02/2019 14:50:01;067_PI01;0;0
23/02/2019 14:50:01;067_PI02;0;0
23/02/2019 14:50:01;067_SI01;0;0
23/02/2019 14:50:01;067_TI01;0;0
23/02/2019 14:50:01;068_PI01;14.2987996735737;100
23/02/2019 14:50:01;068_PI02;0;100
23/02/2019 14:50:01;068_SI01;0;100
23/02/2019 14:50:01;068_TI01;20.2240182845891;100
23/02/2019 14:50:01;139_PI01;0;0
23/02/2019 14:50:01;139_PI02;0;0
23/02/2019 14:50:01;139_SI01;0;0
23/02/2019 14:50:01;139_TI01;0;0
23/02/2019 14:50:01;1C08.P1_TC01;18.639226947062;100
23/02/2019 14:50:01;1C08.P1_TC02;18.54070292626;100
23/02/2019 14:50:01;1C08.P1_TC03;0;100
23/02/2019 14:50:01;1C08.P1_TC04;0;100
23/02/2019 14:50:01;1C08.S1_TC01;0;100
23/02/2019 14:50:01;1C08.S1_TC02;0;100
23/02/2019 14:50:01;1C08.S1_TC03;23.2660902314281;100
23/02/2019 14:50:01;1C08.S1_TC04;0;100
23/02/2019 14:50:01;1C08.S2_TC01;0;100
23/02/2019 14:50:01;1C08.S2_TC02;0;100
23/02/2019 14:50:01;1C08.S2_TC03;0;100
23/02/2019 14:50:01;1C08.S2_TC04;19.8907013367065;100
23/02/2019 14:50:01;1C11.FE01;-5.09887554684307E-04;100
23/02/2019 14:50:01;1C11.TE01;0;100
23/02/2019 14:50:01;1C11.TE02;0;100
23/02/2019 14:50:01;1C11.TE03;20.3857925527414;100
23/02/2019 14:50:01;1C11.TE04;20.5677398445996;100
23/02/2019 14:50:01;1C11.TE05;20.7033759921073;100
23/02/2019 14:50:01;1C11.TE06;20.5502809959042;100
23/02/2019 14:50:01;1C11.TE07;21.6016762506365;100
23/02/2019 14:50:01;1C11.TE08;21.2977183788474;100
23/02/2019 14:50:01;1C11.TE09;21.2060072278945;100
23/02/2019 14:50:01;1C11.TE10;20.6018369302051;100
23/02/2019 14:50:01;1C11.TE11;-176.33483118817;100
23/02/2019 14:50:01;1C11.TE18;22.6648332859341;100
23/02/2019 14:50:01;1C11.TE19;22.5731484734042;100
23/02/2019 14:50:01;1C11.TE20;22.5388731563707;100
23/02/2019 14:50:01;1C11.TE21;0;100
23/02/2019 14:50:01;1C11.TE22;0;100
23/02/2019 14:50:01;1C12.TE01;0;0
23/02/2019 14:50:01;1C12.TE02;0;0
23/02/2019 14:50:01;1C12.TE03;0;0
23/02/2019 14:50:01;1C12.TE04;0;0
23/02/2019 14:50:01;1C12.TE05;0;0
23/02/2019 14:50:01;1C12.TE06;0;0
23/02/2019 14:50:01;1C12.TE07;0;0
23/02/2019 14:50:01;1C12.TE08;0;0
23/02/2019 14:50:01;1C12.TE09;0;0
23/02/2019 14:50:01;1C12.TE10;0;0
23/02/2019 14:50:01;1C12.TE11;0;0
23/02/2019 14:50:01;1C12.TE12;0;0
23/02/2019 14:50:01;2B14.MT01;-0.405984450456543;100
23/02/2019 14:50:01;2B14.TE01;22.7918694780605;100
23/02/2019 14:50:01;2B14.TE02;21.9953603572649;100
23/02/2019 14:50:01;2B14.TE03;-9.37747916710311E-02;100
23/02/2019 14:50:01;2B14.TE04;21.847214303858;100
23/02/2019 14:50:01;2B14.TE05;21.5812967880381;100
23/02/2019 14:50:01;2B14.TE07;-9999;100
23/02/2019 14:50:01;2B14.TE08;21.6226952154402;100
23/02/2019 14:50:01;2B14.TE09;21.1621023681905;100
23/02/2019 14:50:01;2B14.TE10;21.6016339253607;100
23/02/2019 14:50:01;2B14.TE11;20.486576358306;100
23/02/2019 14:50:01;2B14.TE12;23.4923222081272;100
23/02/2019 14:50:01;2C8.FOUR_PAF;25.7865207768783;100
23/02/2019 14:50:01;2C8.MOUFLE;21.4092925359198;100
23/02/2019 14:50:01;2C8.TC_T46;-9999;100
23/02/2019 14:50:01;455_PI01;43.5574489858262;100
23/02/2019 14:50:01;455_PI02;4.03985703233629E-02;100
23/02/2019 14:50:01;455_SI01;0;100
23/02/2019 14:50:01;455_TI01;20.0495555023483;100
23/02/2019 14:50:01;CRY.CENTRALE_SOLAIRE.CRY_act_prod_pow;30;100
23/02/2019 14:50:01;CRY.CENTRALE_SOLAIRE.CRY_app_prod_pow;30;100
23/02/2019 14:50:01;CRY.CENTRALE_SOLAIRE.CRY_rea_prod_pow;-2;100
23/02/2019 14:50:01;CRY.TGBT_NORMAL.CRY_act_cons_pow;11.7600370295693;100
23/02/2019 14:50:01;CRY.TGBT_NORMAL.CRY_app_cons_pow;12.0233888819913;100
23/02/2019 14:50:01;CRY.TGBT_NORMAL.CRY_rapp_cons_ene;690971;100
23/02/2019 14:50:01;CRY.TGBT_NORMAL.CRY_rea_cons_pow;0.24594733188798;100
23/02/2019 14:50:01;D001.PI01;-25.0127877875156;100
23/02/2019 14:50:01;D001.TI01;-91.2517715369795;100
23/02/2019 14:50:01;D001.TI02;-91.3092244307495;100
23/02/2019 14:50:01;D001.WI01;0;100
23/02/2019 14:50:01;D0125_AT01;3.11456520778238;100
23/02/2019 14:50:01;D0125_AT02;7.51303900147801;100
23/02/2019 14:50:01;D0125_AT03;7.60425671981458;100
23/02/2019 14:50:01;D0125_ST01;-0.144612575515671;100
23/02/2019 14:50:01;D0125_TE01;21.5684173176148;100
23/02/2019 14:50:01;D0125_TE02;21.2857395780265;100
23/02/2019 14:50:01;D0125_TE03;21.6729662806229;100
23/02/2019 14:50:01;F004.FC01;0;0
23/02/2019 14:50:01;F004.FC02;0;0
23/02/2019 14:50:01;F004.FC03;0;0
23/02/2019 14:50:01;F004.FC04;0;0
23/02/2019 14:50:01;F004.TE01;0;0
23/02/2019 14:50:01;F023.TE01;20.9197957032341;100
23/02/2019 14:50:01;F024.TE01;20.3866539412757;100
23/02/2019 14:50:01;F029.TE01;19.7389997793843;100
23/02/2019 14:50:01;F030.TE01;19.8941357684661;100
23/02/2019 14:50:01;F030.TE02;-9999;100
23/02/2019 14:50:01;F030.TE03;-9999;100
23/02/2019 14:50:01;F030.TE04;-9999;100
23/02/2019 14:50:01;F030.TE05;-3.67049798489606E-02;100
23/02/2019 14:50:01;F031.TE01;-9999;100
23/02/2019 14:50:01;F031.TE02;-9999;100
23/02/2019 14:50:01;F031.TE03;-9999;100
23/02/2019 14:50:01;F031.TE04;-9999;100
23/02/2019 14:50:01;F032.TE01;-9999;100
23/02/2019 14:50:01;F032.TE02;-9999;100
23/02/2019 14:50:01;F032.TE03;-9999;100
23/02/2019 14:50:01;F032.TE04;-9999;100
23/02/2019 14:50:01;F033.TE01;-9999;100
23/02/2019 14:50:01;F033.TE02;-9999;100
23/02/2019 14:50:01;F033.TE03;-9999;100
23/02/2019 14:50:01;F033.TE04;-9999;100
23/02/2019 14:50:01;F034.TE01;20.2091661648744;100
23/02/2019 14:50:01;F034.TE02;20.0084847206727;100
23/02/2019 14:50:01;F034.TE03;20.1808508823567;100
23/02/2019 14:50:01;F034.TE04;20.0550047681975;100
23/02/2019 14:50:01;F035.TE01;-9999;100
23/02/2019 14:50:01;F035.TE02;-9999;100
23/02/2019 14:50:01;F035.TE03;-9999;100
23/02/2019 14:50:01;F035.TE04;-9.09252284049988;100
23/02/2019 14:50:01;F036.TE01;-9999;100
23/02/2019 14:50:01;F036.TE02;-0.048715204933309;100
23/02/2019 14:50:01;F036.TE03;80.453737999171;100
23/02/2019 14:50:01;F036.TE06;-5.99611609908025E-02;100
23/02/2019 14:50:01;F036.TE08;-9999;100
23/02/2019 14:50:01;F036.TE12;-9999;100
23/02/2019 14:50:01;F036.TE13;-9999;100
23/02/2019 14:50:01;F036.TE16;-0.014959230154338;100
23/02/2019 14:50:01;F036.TE18;-2.72828133167282E-02;100
23/02/2019 14:50:01;F036.TE99;-9999;100
23/02/2019 14:50:01;F039.TE01;2.48865727878424;100
23/02/2019 14:50:01;F039.TE02;22.9833169035887;100
23/02/2019 14:50:01;F039.TE03;22.763475690307;100
23/02/2019 14:50:01;F039.TE04;22.9066285679267;100
23/02/2019 14:50:01;F040.TE01;-2.26730643688382E-02;100
23/02/2019 14:50:01;F040.TE02;23.5845985621772;100
23/02/2019 14:50:01;F040.TE03;21.8048236460565;100
23/02/2019 14:50:01;F040.TE04;21.9821644616364;100
23/02/2019 14:50:01;F041.TE01;22.6360068519658;100
23/02/2019 14:50:01;F041.TE02;22.7992446915357;100
23/02/2019 14:50:01;F041.TE03;22.7960558521511;100
23/02/2019 14:50:01;F042.TE01;22.987230002651;100
23/02/2019 14:50:01;F042.TE02;22.4055070314028;100
23/02/2019 14:50:01;F042.TE03;22.8415251077128;100
23/02/2019 14:50:01;F045.TE01;20.1917050700052;100
23/02/2019 14:50:01;F045.TE02;20.1828770814637;100
23/02/2019 14:50:01;F045.TE03;20.3059136874377;100
23/02/2019 14:50:01;F045.TE04;19.9370939362094;100
23/02/2019 14:50:01;F046.TE01;19.7667204328961;100
23/02/2019 14:50:01;F046.TE02;20.0780322579289;100
23/02/2019 14:50:01;F046.TE03;19.9255279645143;100
23/02/2019 14:50:01;F046.TE04;21.0906457407434;100
23/02/2019 14:50:01;F046.TE05;-9999;100
23/02/2019 14:50:01;F047.TE01;21.276670326034;100
23/02/2019 14:50:01;F047.TE05;21.409409353637;100
23/02/2019 14:50:01;F048.TE01;19.0694310281364;100
23/02/2019 14:50:01;F049.TE01;22.2417921030387;100
23/02/2019 14:50:01;F050.TE01;20.7385631457921;100
23/02/2019 14:50:01;F052.TE01;20.4912171527874;100
23/02/2019 14:50:01;F054.TE01;19.8184795527107;100
23/02/2019 14:50:01;F054.TE02;19.7290324598643;100
23/02/2019 14:50:01;F054.TE03;-9999;100
23/02/2019 14:50:01;F054.TE04;-9999;100
23/02/2019 14:50:01;F056.TE01;20.9951441209794;100
23/02/2019 14:50:01;F062.TE01;-9999;100
23/02/2019 14:50:01;F064.TE02;19.0083218140355;100
23/02/2019 14:50:01;F066.F100_TE01;-9999;100
23/02/2019 14:50:01;F066.F100_TE02;-9999;100
23/02/2019 14:50:01;F066.F100_TE03;-9999;100
23/02/2019 14:50:01;F066.F100_TE04;-9999;100
23/02/2019 14:50:01;F066.F200_TE01;-9999;100
23/02/2019 14:50:01;F066.F200_TE02;-9999;100
23/02/2019 14:50:01;F066.F200_TE03;-9999;100
23/02/2019 14:50:01;F066.F200_TE04;-9999;100
23/02/2019 14:50:01;F066.F300_TE01;-9999;100
23/02/2019 14:50:01;F066.F300_TE02;-9999;100
23/02/2019 14:50:01;F066.F300_TE03;-9999;100
23/02/2019 14:50:01;F066.F300_TE04;-9999;100
23/02/2019 14:50:01;F066.F400_TE01;-9999;100
23/02/2019 14:50:01;F066.F400_TE02;-9999;100
23/02/2019 14:50:01;F066.F400_TE03;-9999;100
23/02/2019 14:50:01;F066.F400_TE04;-9999;100
23/02/2019 14:50:01;F117.TE01;115.791820490799;100
23/02/2019 14:50:01;F143.TE01;20.6651068807736;100
23/02/2019 14:50:01;F143.TE02;21.2291984019954;100
23/02/2019 14:50:01;F143.TE03;22.1082442025427;100
23/02/2019 14:50:01;F150.FI01;-2.37258640309185E-03;100
23/02/2019 14:50:01;F150.FI02;-0.458694742896128;100
23/02/2019 14:50:01;F150.FI03;3.08070957412756E-02;100
23/02/2019 14:50:01;F150.TI02;20.9806561698122;100
23/02/2019 14:50:01;F152.TE01;21.9185512934357;100
23/02/2019 14:50:01;FA.TE01;26.213241957406;100
23/02/2019 14:50:01;FB.TE01;32.3894114355368;100
23/02/2019 14:50:01;FC.TE01;24.8613614858434;100
23/02/2019 14:50:01;FOUR_CARBO.TE01;22.8193641784889;100
23/02/2019 14:50:01;FOUR_CARBO.TE01_SL;0;100
23/02/2019 14:50:01;FOUR_CARBO.TE02;22.3911670784956;100
23/02/2019 14:50:01;H59.AEROREFRIGERANT_K3.H59_AERO_act_cons_pow;7;100
23/02/2019 14:50:01;H59.AEROREFRIGERANT_K3.H59_AERO_app_cons_pow;9;100
23/02/2019 14:50:01;H59.AEROREFRIGERANT_K3.H59_AERO_rea_cons_pow;5;100
23/02/2019 14:50:01;H59.COMPRESSEUR_K3.H59_COMP1_act_cons_pow;1;100
23/02/2019 14:50:01;H59.COMPRESSEUR_K3.H59_COMP1_app_cons_pow;2;100
23/02/2019 14:50:01;H59.COMPRESSEUR_K3.H59_COMP1_rea_cons_pow;1;100
23/02/2019 14:50:01;H59.COMPRESSEUR_U566.H59_COMP2_act_cons_pow;0;100
23/02/2019 14:50:01;H59.COMPRESSEUR_U566.H59_COMP2_app_cons_pow;0;100
23/02/2019 14:50:01;H59.COMPRESSEUR_U566.H59_COMP2_rea_cons_pow;0;100
23/02/2019 14:50:01;H59.GROUPE_FROID_K3.H59_CG_act_cons_pow;47.6847630007962;100
23/02/2019 14:50:01;H59.GROUPE_FROID_K3.H59_CG_app_cons_pow;63.1292630007962;100
23/02/2019 14:50:01;H59.GROUPE_FROID_K3.H59_CG_rea_cons_pow;41.6535481670648;100
23/02/2019 14:50:01;H59.SECHEUR_K3.H59_DRY_act_cons_pow;22;100
23/02/2019 14:50:01;H59.SECHEUR_K3.H59_DRY_app_cons_pow;22;100
23/02/2019 14:50:01;H59.SECHEUR_K3.H59_DRY_rea_cons_pow;2;100
23/02/2019 14:50:01;H59.TGBT1.H59_act_cons_pow;103.806929669172;100
23/02/2019 14:50:01;H59.TGBT1.H59_app_cons_pow;121.556929669172;100
23/02/2019 14:50:01;H59.TGBT1.H59_rea_cons_pow;63;100
23/02/2019 14:50:01;LAU.PHOTOVOLTAIQUE.LAU_act_prod_pow;3;100
23/02/2019 14:50:01;LAU.PHOTOVOLTAIQUE.LAU_app_prod_pow;3;100
23/02/2019 14:50:01;LAU.PHOTOVOLTAIQUE.LAU_rea_prod_pow;0;100
23/02/2019 14:50:01;LAU.TGBT_NORMAL.LAU_act_cons_pow;134.615026001592;100
23/02/2019 14:50:01;LAU.TGBT_NORMAL.LAU_app_cons_pow;143.715026001592;100
23/02/2019 14:50:01;LAU.TGBT_NORMAL.LAU_rapp_cons_ene;5689471.48258664;100
23/02/2019 14:50:01;LAU.TGBT_NORMAL.LAU_rea_cons_pow;49.6246052847095;100
23/02/2019 14:50:01;METEO.CENTRALE_METEO.MET_humidity;6.08954594813194;100
23/02/2019 14:50:01;METEO.CENTRALE_METEO.MET_sunshine;443.581988994976;100
23/02/2019 14:50:01;METEO.CENTRALE_METEO.MET_temperature;13.2799698643386;100
23/02/2019 14:50:01;S71500A2I_DB1REAL0;0;0
23/02/2019 14:50:01;S71500A2I_DB1REAL12;0;0
23/02/2019 14:50:01;S71500A2I_DB1REAL4;0;0
23/02/2019 14:50:01;S71500A2I_DB1REAL8;0;0
23/02/2019 14:50:01;T006.AI_CO;-1.82843497639101E-02;100
23/02/2019 14:50:01;T006.AI_CO2;-1.11785487767957E-02;100
23/02/2019 14:50:01;T006.AI_O2;21.2477771695906;100
23/02/2019 14:50:01;T006.FI01;99.6533947404936;100
23/02/2019 14:50:01;T006.FI02;-8.70712596332596E-02;100
23/02/2019 14:50:01;T006.FI03;26.1634914704195;100
23/02/2019 14:50:01;T006.FI04;2.68614045245239;100
23/02/2019 14:50:01;T006.PI01;0.427892685828301;100
23/02/2019 14:50:01;T006.PI02;1.18338772369025E-02;100
23/02/2019 14:50:01;T006.TI01;24.9408943366867;100
23/02/2019 14:50:01;T006.TI02;40.5751309615935;100
23/02/2019 14:50:01;T006.TI03;25.9034946251924;100
23/02/2019 14:50:01;T010.FT01;0;0
23/02/2019 14:50:01;T010.FT02;0;0
23/02/2019 14:50:01;T010.FT03;0;0
23/02/2019 14:50:01;T010.FT04;0;0
23/02/2019 14:50:01;T010.TE02;0;0
23/02/2019 14:50:01;T011.FT01;3.98398973297269E-03;100
23/02/2019 14:50:01;T011.FT02;1.37142824971429E-02;100
23/02/2019 14:50:01;T011.FT03;1.73102646964378E-03;100
23/02/2019 14:50:01;T011.FT04;9.4997098234312E-03;100
23/02/2019 14:50:01;T011.FT05;3.60191708271637E-03;100
23/02/2019 14:50:01;T011.FT06;3.95295530090493E-04;100
23/02/2019 14:50:01;T011.TE02;22.1290588781571;100
23/02/2019 14:50:01;T012.FT01;4.32501625103652E-03;100
23/02/2019 14:50:01;T012.FT02;4.89089549398273E-04;100
23/02/2019 14:50:01;T012.FT03;3.93535022032749E-03;100
23/02/2019 14:50:01;T012.FT04;-2.2009084089882E-04;100
23/02/2019 14:50:01;T012.TE02;19.8575804507488;100
23/02/2019 14:50:01;T013.PI01;8.40241837437664;100
23/02/2019 14:50:01;T013.TI01;-91.2876961423556;100
23/02/2019 14:50:01;T013.TI02;-91.3210213341005;100
23/02/2019 14:50:01;T013.WI01;-38.5;100
23/02/2019 14:50:01;T015.PI01;6.82256843041664;100
23/02/2019 14:50:01;T015.TI01;-91.3102873625535;100
23/02/2019 14:50:01;T015.TI02;-91.301921341216;100
23/02/2019 14:50:01;T015.WI01;-4.09375;100
23/02/2019 14:50:01;T045.FC10_PV.F_CV;0;0
23/02/2019 14:50:01;T045.FC10_SP.F_CV;0;0
23/02/2019 14:50:01;T045.FC11_PV.F_CV;0;0
23/02/2019 14:50:01;T045.FC11_SP.F_CV;0;0
23/02/2019 14:50:01;T045.FC12_PV.F_CV;0;0
23/02/2019 14:50:01;T045.FC12_SP.F_CV;0;0
23/02/2019 14:50:01;T045.FC13_PV.F_CV;0;0
23/02/2019 14:50:01;T045.FC13_SP.F_CV;0;0
23/02/2019 14:50:01;T045.FC14_PV.F_CV;0;0
23/02/2019 14:50:01;T045.FC14_SP.F_CV;0;0
23/02/2019 14:50:01;T045.FC20_PV.F_CV;0;0
23/02/2019 14:50:01;T045.FC20_SP.F_CV;0;0
23/02/2019 14:50:01;T045.FC21_PV.F_CV;0;0
23/02/2019 14:50:01;T045.FC21_SP.F_CV;0;0
23/02/2019 14:50:01;T045.FC22_PV.F_CV;0;0
23/02/2019 14:50:01;T045.FC22_SP.F_CV;0;0
23/02/2019 14:50:01;T045.FC23_PV.F_CV;0;0
23/02/2019 14:50:01;T045.FC23_SP.F_CV;0;0
23/02/2019 14:50:01;T045.FC24_PV.F_CV;0;0
23/02/2019 14:50:01;T045.FC24_SP.F_CV;0;0
23/02/2019 14:50:01;T045.FC30_PV.F_CV;0;0
23/02/2019 14:50:01;T045.FC30_SP.F_CV;0;0
23/02/2019 14:50:01;T045.FC31_PV.F_CV;0;0
23/02/2019 14:50:01;T045.FC31_SP.F_CV;0;0
23/02/2019 14:50:01;T045.FC32_PV.F_CV;0;0
23/02/2019 14:50:01;T045.FC32_SP.F_CV;0;0
23/02/2019 14:50:01;T045.FC33_PV.F_CV;0;0
23/02/2019 14:50:01;T045.FC33_SP.F_CV;0;0
23/02/2019 14:50:01;T045.FC34_PV.F_CV;0;0
23/02/2019 14:50:01;T045.FC34_SP.F_CV;0;0
23/02/2019 14:50:01;T045.FC40_PV.F_CV;0;0
23/02/2019 14:50:01;T045.FC40_SP.F_CV;0;0
23/02/2019 14:50:01;T045.FC41_PV.F_CV;0;0
23/02/2019 14:50:01;T045.FC41_SP.F_CV;0;0
23/02/2019 14:50:01;T045.FC42_PV.F_CV;0;0
23/02/2019 14:50:01;T045.FC42_SP.F_CV;0;0
23/02/2019 14:50:01;T045.FC43_PV.F_CV;0;0
23/02/2019 14:50:01;T045.FC43_SP.F_CV;0;0
23/02/2019 14:50:01;T045.FC44_PV.F_CV;0;0
23/02/2019 14:50:01;T045.FC44_SP.F_CV;0;0
23/02/2019 14:50:01;T045.FC50_PV.F_CV;0;0
23/02/2019 14:50:01;T045.FC50_SP.F_CV;0;0
23/02/2019 14:50:01;T045.FC51_PV.F_CV;0;0
23/02/2019 14:50:01;T045.FC51_SP.F_CV;0;0
23/02/2019 14:50:01;T045.FC52_PV.F_CV;0;0
23/02/2019 14:50:01;T045.FC52_SP.F_CV;0;0
23/02/2019 14:50:01;T045.FC53_PV.F_CV;0;0
23/02/2019 14:50:01;T045.FC53_SP.F_CV;0;0
23/02/2019 14:50:01;T045.FC54_PV.F_CV;0;0
23/02/2019 14:50:01;T045.FC54_SP.F_CV;0;0
23/02/2019 14:50:01;T045.FC60_PV.F_CV;0;0
23/02/2019 14:50:01;T045.FC60_SP.F_CV;0;0
23/02/2019 14:50:01;T045.FC61_PV.F_CV;0;0
23/02/2019 14:50:01;T045.FC61_SP.F_CV;0;0
23/02/2019 14:50:01;T045.FC62_PV.F_CV;0;0
23/02/2019 14:50:01;T045.FC62_SP.F_CV;0;0
23/02/2019 14:50:01;T045.FC63_PV.F_CV;0;0
23/02/2019 14:50:01;T045.FC63_SP.F_CV;0;0
23/02/2019 14:50:01;T045.FC64_PV.F_CV;0;0
23/02/2019 14:50:01;T045.FC64_SP.F_CV;0;0
23/02/2019 14:50:01;T045.PC12_PV.F_CV;0;0
23/02/2019 14:50:01;T045.PC12_SP.F_CV;0;0
23/02/2019 14:50:01;T045.PC22_PV.F_CV;0;0
23/02/2019 14:50:01;T045.PC22_SP.F_CV;0;0
23/02/2019 14:50:01;T045.PC32_PV.F_CV;0;0
23/02/2019 14:50:01;T045.PC32_SP.F_CV;0;0
23/02/2019 14:50:01;T045.PC42_PV.F_CV;0;0
23/02/2019 14:50:01;T045.PC42_SP.F_CV;0;0
23/02/2019 14:50:01;T045.PC52_PV.F_CV;0;0
23/02/2019 14:50:01;T045.PC52_SP.F_CV;0;0
23/02/2019 14:50:01;T045.PC62_PV.F_CV;0;0
23/02/2019 14:50:01;T045.PC62_SP.F_CV;0;0
23/02/2019 14:50:01;T045.SC10_OP.F_CV;0;0
23/02/2019 14:50:01;T045.SC10_PV.F_CV;0;0
23/02/2019 14:50:01;T045.SC10_SP.F_CV;0;0
23/02/2019 14:50:01;T045.SC20_OP.F_CV;0;0
23/02/2019 14:50:01;T045.SC20_PV.F_CV;0;0
23/02/2019 14:50:01;T045.SC20_SP.F_CV;0;0
23/02/2019 14:50:01;T045.SC30_OP.F_CV;0;0
23/02/2019 14:50:01;T045.SC30_PV.F_CV;0;0
23/02/2019 14:50:01;T045.SC30_SP.F_CV;0;0
23/02/2019 14:50:01;T045.SC40_OP.F_CV;0;0
23/02/2019 14:50:01;T045.SC40_PV.F_CV;0;0
23/02/2019 14:50:01;T045.SC40_SP.F_CV;0;0
23/02/2019 14:50:01;T045.SC50_OP.F_CV;0;0
23/02/2019 14:50:01;T045.SC50_PV.F_CV;0;0
23/02/2019 14:50:01;T045.SC50_SP.F_CV;0;0
23/02/2019 14:50:01;T045.SC60_OP.F_CV;0;0
23/02/2019 14:50:01;T045.SC60_PV.F_CV;0;0
23/02/2019 14:50:01;T045.SC60_SP.F_CV;0;0
23/02/2019 14:50:01;T045.TC10_OP.F_CV;0;0
23/02/2019 14:50:01;T045.TC10_PV.F_CV;0;0
23/02/2019 14:50:01;T045.TC10_SP.F_CV;0;0
23/02/2019 14:50:01;T045.TC11_OP.F_CV;0;0
23/02/2019 14:50:01;T045.TC11_PV.F_CV;0;0
23/02/2019 14:50:01;T045.TC11_SP.F_CV;0;0
23/02/2019 14:50:01;T045.TC20_OP.F_CV;0;0
23/02/2019 14:50:01;T045.TC20_PV.F_CV;0;0
23/02/2019 14:50:01;T045.TC20_SP.F_CV;0;0
23/02/2019 14:50:01;T045.TC30_OP.F_CV;0;0
23/02/2019 14:50:01;T045.TC30_PV.F_CV;0;0
23/02/2019 14:50:01;T045.TC30_SP.F_CV;0;0
23/02/2019 14:50:01;T045.TC40_OP.F_CV;0;0
23/02/2019 14:50:01;T045.TC40_PV.F_CV;0;0
23/02/2019 14:50:01;T045.TC40_SP.F_CV;0;0
23/02/2019 14:50:01;T045.TC50_OP.F_CV;0;0
23/02/2019 14:50:01;T045.TC50_PV.F_CV;0;0
23/02/2019 14:50:01;T045.TC50_SP.F_CV;0;0
23/02/2019 14:50:01;T045.TC60_OP.F_CV;0;0
23/02/2019 14:50:01;T045.TC60_PV.F_CV;0;0
23/02/2019 14:50:01;T045.TC60_SP.F_CV;0;0
23/02/2019 14:50:01;T045.TI110.F_CV;0;0
23/02/2019 14:50:01;T045.TI111.F_CV;0;0
23/02/2019 14:50:01;T045.TI12.F_CV;0;0
23/02/2019 14:50:01;T045.TI120.F_CV;0;0
23/02/2019 14:50:01;T045.TI13.F_CV;0;0
23/02/2019 14:50:01;T045.TI130.F_CV;0;0
23/02/2019 14:50:01;T045.TI140.F_CV;0;0
23/02/2019 14:50:01;T045.TI150.F_CV;0;0
23/02/2019 14:50:01;T045.TI160.F_CV;0;0
23/02/2019 14:50:01;T045.TI22.F_CV;0;0
23/02/2019 14:50:01;T045.TI23.F_CV;0;0
23/02/2019 14:50:01;T045.TI24.F_CV;0;0
23/02/2019 14:50:01;T045.TI32.F_CV;0;0
23/02/2019 14:50:01;T045.TI33.F_CV;0;0
23/02/2019 14:50:01;T045.TI34.F_CV;0;0
23/02/2019 14:50:01;T045.TI42.F_CV;0;0
23/02/2019 14:50:01;T045.TI43.F_CV;0;0
23/02/2019 14:50:01;T045.TI44.F_CV;0;0
23/02/2019 14:50:01;T045.TI52.F_CV;0;0
23/02/2019 14:50:01;T045.TI53.F_CV;0;0
23/02/2019 14:50:01;T045.TI54.F_CV;0;0
23/02/2019 14:50:01;T045.TI62.F_CV;0;0
23/02/2019 14:50:01;T045.TI63.F_CV;0;0
23/02/2019 14:50:01;T045.TI64.F_CV;0;0
23/02/2019 14:50:01;T052_058.T052_FC01A_PV.F_CV;0;100
23/02/2019 14:50:01;T052_058.T052_FC01B_PV.F_CV;0;100
23/02/2019 14:50:01;T052_058.T052_FC02_PV.F_CV;2.17394763603807E-03;100
23/02/2019 14:50:01;T052_058.T052_FC04_PV.F_CV;5.94736710190773E-02;100
23/02/2019 14:50:01;T052_058.T052_LC01_PV.F_CV;0;100
23/02/2019 14:50:01;T052_058.T052_LI02_PV.F_CV;-5.76794147491455E-02;100
23/02/2019 14:50:01;T052_058.T052_LI03_PV.F_CV;0.205975770950317;100
23/02/2019 14:50:01;T052_058.T052_PC15_PV.F_CV;1.80871343612671;100
23/02/2019 14:50:01;T052_058.T052_PI01_PV.F_CV;0.991833209991455;100
23/02/2019 14:50:01;T052_058.T052_TI01_PV.F_CV;18.7427177429199;100
23/02/2019 14:50:01;T052_058.T052_TI02_PV.F_CV;18.9020824432373;100
23/02/2019 14:50:01;T052_058.T052_TI03_PV.F_CV;19.006404876709;100
23/02/2019 14:50:01;T052_058.T052_TI04_PV.F_CV;19.1551818847656;100
23/02/2019 14:50:01;T052_058.T052_TI05_PV.F_CV;19.452522277832;100
23/02/2019 14:50:01;T052_058.T058_FC01A_PV.F_CV;9.09306481480598E-02;100
23/02/2019 14:50:01;T052_058.T058_FC01B_PV.F_CV;2.70452523231506;100
23/02/2019 14:50:01;T052_058.T058_FC02_PV.F_CV;4.98813581466675;100
23/02/2019 14:50:01;T052_058.T058_FC04_PV.F_CV;0;100
23/02/2019 14:50:01;T052_058.T058_LC01_PV.F_CV;0;100
23/02/2019 14:50:01;T052_058.T058_LI02_PV.F_CV;-3.46675515174866E-02;100
23/02/2019 14:50:01;T052_058.T058_LI03_PV.F_CV;0.22982656955719;100
23/02/2019 14:50:01;T052_058.T058_PC15_PV.F_CV;0.814746975898743;100
23/02/2019 14:50:01;T052_058.T058_PI01_PV.F_CV;3.88562679290771E-02;100
23/02/2019 14:50:01;T052_058.T058_TI01_PV.F_CV;600;100
23/02/2019 14:50:01;T052_058.T058_TI02_PV.F_CV;600;100
23/02/2019 14:50:01;T052_058.T058_TI03_PV.F_CV;600;100
23/02/2019 14:50:01;T052_058.T058_TI04_PV.F_CV;600;100
23/02/2019 14:50:01;T052_058.T058_TI05_PV.F_CV;600;100
23/02/2019 14:50:01;T062.AI01.F_CV;7.11022684040169E-03;100
23/02/2019 14:50:01;T062.AI02.F_CV;1.85186737315962E-03;100
23/02/2019 14:50:01;T062.AI03.F_CV;2.4347599784378E-03;100
23/02/2019 14:50:01;T062.AI04.F_CV;3.48148034290449E-02;100
23/02/2019 14:50:01;T062.AI05.F_CV;0;100
23/02/2019 14:50:01;T062.AI06.F_CV;1.58888804429444E-02;100
23/02/2019 14:50:01;T062.AI07.F_CV;2.44074028619119E-02;100
23/02/2019 14:50:01;T062.AI08.F_CV;3.69259256325586E-02;100
23/02/2019 14:50:01;T062.FC01_PV.F_CV;7.40746920450874E-06;100
23/02/2019 14:50:01;T062.FC01_SP.F_CV;0;100
23/02/2019 14:50:01;T062.FC02_PV.F_CV;-7.999999797903E-04;100
23/02/2019 14:50:01;T062.FC02_SP.F_CV;0;100
23/02/2019 14:50:01;T062.FC03_PV.F_CV;-4.50000027194619E-03;100
23/02/2019 14:50:01;T062.FC03_SP.F_CV;0;100
23/02/2019 14:50:01;T062.FC04_PV.F_CV;-9.25925282692788E-05;100
23/02/2019 14:50:01;T062.FC04_SP.F_CV;0;100
23/02/2019 14:50:01;T062.FC05_PV.F_CV;-1.98507516888943E-03;100
23/02/2019 14:50:01;T062.FC05_SP.F_CV;0;100
23/02/2019 14:50:01;T062.FC06_PV.F_CV;-2.42592547030169E-03;100
23/02/2019 14:50:01;T062.FC06_SP.F_CV;0;100
23/02/2019 14:50:01;T062.FC07_PV.F_CV;0.999500036239624;100
23/02/2019 14:50:01;T062.FC07_SP.F_CV;1;100
23/02/2019 14:50:01;T062.HEV05_POS.F_CV;1;100
23/02/2019 14:50:01;T062.HEV06_POS.F_CV;1;100
23/02/2019 14:50:01;T062.PI06.F_CV;1.38999996706843E-02;100
23/02/2019 14:50:01;T062.TC02_OP.F_CV;0;100
23/02/2019 14:50:01;T062.TC02_PV.F_CV;21.6029645288738;100
23/02/2019 14:50:01;T062.TC02_SP.F_CV;198.600006103516;100
23/02/2019 14:50:01;T062.TC04_OP.F_CV;0;100
23/02/2019 14:50:01;T062.TC04_PV.F_CV;22.3964338702313;100
23/02/2019 14:50:01;T062.TC04_SP.F_CV;105;100
23/02/2019 14:50:01;T062.TC06_OP.F_CV;0;100
23/02/2019 14:50:01;T062.TC06_PV.F_CV;21.1789844795745;100
23/02/2019 14:50:01;T062.TC06_SP.F_CV;120;100
23/02/2019 14:50:01;T062.TC09_OP.F_CV;0;100
23/02/2019 14:50:01;T062.TC09_PV.F_CV;22.3999996185303;100
23/02/2019 14:50:01;T062.TC09_SP.F_CV;102;100
23/02/2019 14:50:01;T062.TC20_OP.F_CV;0;100
23/02/2019 14:50:01;T062.TC20_PV.F_CV;21.6029645288738;100
23/02/2019 14:50:01;T062.TC20_SP.F_CV;200;100
23/02/2019 14:50:01;T062.TI01.F_CV;21.1000003814697;100
23/02/2019 14:50:01;T062.TI02.F_CV;21.6029645288738;100
23/02/2019 14:50:01;T062.TI02B.F_CV;0;0
23/02/2019 14:50:01;T062.TI03.F_CV;22.274769214786;100
23/02/2019 14:50:01;T062.TI04.F_CV;22.3964338702313;100
23/02/2019 14:50:01;T062.TI05.F_CV;22.3000011444092;100
23/02/2019 14:50:01;T062.TI06.F_CV;21.1789844795745;100
23/02/2019 14:50:01;T062.TI07.F_CV;21.2324101367295;100
23/02/2019 14:50:01;T062.TI08.F_CV;22.9016662915548;100
23/02/2019 14:50:01;T062.TI09.F_CV;22.3999996185303;100
23/02/2019 14:50:01;T062.TI12.F_CV;21.8999996185303;100
23/02/2019 14:50:01;T062.TI13.F_CV;21.7000007629395;100
23/02/2019 14:50:01;T062.TI16.F_CV;22.5905717219462;100
23/02/2019 14:50:01;T062.TI17.F_CV;21.2000007629395;100
23/02/2019 14:50:01;T069.PT01;0;0
23/02/2019 14:50:01;T069.TE01;0;0
23/02/2019 14:50:01;T073.PI01;0.193654075662652;100
23/02/2019 14:50:01;T073.TI01;-91.2746089656359;100
23/02/2019 14:50:01;T073.TI02;-91.3085460452362;100
23/02/2019 14:50:01;T073.WI01;0.099609375;100
23/02/2019 14:50:01;T078.PI01;18.741135407973;100
23/02/2019 14:50:01;T078.TI01;-91.2992518287532;100
23/02/2019 14:50:01;T078.TI02;-91.2513245691603;100
23/02/2019 14:50:01;T078.WI01;198;100
23/02/2019 14:50:01;T083.PT01;60.5815124959842;100
23/02/2019 14:50:01;T083.PT04;148.882284439153;100
23/02/2019 14:50:01;T083.ST01;-16.0009528591963;100
23/02/2019 14:50:01;T083.TC01;23.1235006159697;100
23/02/2019 14:50:01;T083.TC02;21.0025927399244;100
23/02/2019 14:50:01;T083.TE04;21.5774085466565;100
23/02/2019 14:50:01;T083.TE05;22.8152813352077;100
23/02/2019 14:50:01;T085.TE01;0;100
23/02/2019 14:50:01;T085.TE02;-0.477203582404581;100
23/02/2019 14:50:01;T086.AT01G;-15016.6256060035;100
23/02/2019 14:50:01;T086.AT01P;-1501.535784652;100
23/02/2019 14:50:01;T086.FT01;60.6608155758158;100
23/02/2019 14:50:01;T086.FT02;-0.482609937357903;100
23/02/2019 14:50:01;T086.PDT08;111.114811240148;100
23/02/2019 14:50:01;T086.PT04;0.126519699902739;100
23/02/2019 14:50:01;T086.TE01;29.0815903223361;100
23/02/2019 14:50:01;T086.TE02;20.9308524664073;100
23/02/2019 14:50:01;T086.TE03;27.4849855265707;100
23/02/2019 14:50:01;T086.TE04;24.5842708389305;100
23/02/2019 14:50:01;T086.TE05;25.9221757250115;100
23/02/2019 14:50:01;T086.TE07;150.642223240368;100
23/02/2019 14:50:01;T086.TE09;252.321129149875;100
23/02/2019 14:50:01;T086.TE11;31.8609011494567;100
23/02/2019 14:50:01;T086.TE12;35.968744338543;100
23/02/2019 14:50:01;T086.TE13;29.7295984032193;100
23/02/2019 14:50:01;T086.TE14;29.9061119969306;100
23/02/2019 14:50:01;T086.TE15;29.0904481762078;100
23/02/2019 14:50:01;T087.PT03;136.381255463274;100
23/02/2019 14:50:01;T087.PT04;-1.49513812867726E-02;100
23/02/2019 14:50:01;T087.PT06;126.048267002318;100
23/02/2019 14:50:01;T087.ST01;-11.5388159706882;100
23/02/2019 14:50:01;T087.TE01;21.5425150061629;100
23/02/2019 14:50:01;T087.TE02;17.1264718154117;100
23/02/2019 14:50:01;T087.TE05;25.5734716705201;100
23/02/2019 14:50:01;T092.PI01;1.23484267506102;100
23/02/2019 14:50:01;T092.TI01;-91.2609639925516;100
23/02/2019 14:50:01;T092.TI02;-91.2787790200757;100
23/02/2019 14:50:01;T092.WI01;-7.0193794338248;100
23/02/2019 14:50:01;T094.PI01;19.8367303300792;100
23/02/2019 14:50:01;T094.TI01;-90.3569959224153;100
23/02/2019 14:50:01;T094.TI02;-90.7982058802131;100
23/02/2019 14:50:01;T094.WI01;-0.8984375;100
23/02/2019 14:50:01;T095.PI01;6.7531117317766;100
23/02/2019 14:50:01;T095.TI01;-91.2999329412168;100
23/02/2019 14:50:01;T095.TI02;-91.2900102308081;100
23/02/2019 14:50:01;T095.WI01;-19.625;100
23/02/2019 14:50:01;T096.PI01;2.9638406890823;100
23/02/2019 14:50:01;T096.TI01;21.5225564540639;100
23/02/2019 14:50:01;T096.TI02;19.6614148665781;100
23/02/2019 14:50:01;T096.WI01;0;100
23/02/2019 14:50:01;T143.T143_PCV03_PV.F_CV;0;0
23/02/2019 14:50:01;T143.T143_PCV09_PV.F_CV;0;0
23/02/2019 14:50:01;T143.T143_PT01_PV.F_CV;0;0
23/02/2019 14:50:01;T143.T143_PT02_PV.F_CV;0;0
23/02/2019 14:50:01;T143.T143_PT07_PV.F_CV;0;0
23/02/2019 14:50:01;T143.T143_PT08_PV.F_CV;0;0
23/02/2019 14:50:01;T143.T143_SC01_PV.F_CV;0;0
23/02/2019 14:50:01;T143.T143_SC02_PV.F_CV;0;0
23/02/2019 14:50:01;T143.T143_TC01_PV.F_CV;0;0
23/02/2019 14:50:01;T143.T143_TC02_PV.F_CV;0;0
23/02/2019 14:50:01;T143.T143_TC03_PV.F_CV;0;0
23/02/2019 14:50:01;T143.T143_TC04_PV.F_CV;0;0
23/02/2019 14:50:01;T143.T143_TE01_PV.F_CV;0;0
23/02/2019 14:50:01;T143.T143_TE02_PV.F_CV;0;0
23/02/2019 14:50:01;T143.T143_TE03_PV.F_CV;0;0
23/02/2019 14:50:01;T143.T143_TE04_PV.F_CV;0;0
23/02/2019 14:50:01;T149.FI01;0;0
23/02/2019 14:50:01;T149.FI02;0;0
23/02/2019 14:50:01;T149.FI03;0;0
23/02/2019 14:50:01;T149.FI04;0;0
23/02/2019 14:50:01;T149.FI05;0;0
23/02/2019 14:50:01;T149.FI06;0;0
23/02/2019 14:50:01;T149.FI07;0;0
23/02/2019 14:50:01;T149.LI01;0;0
23/02/2019 14:50:01;T149.TE21;0;0
23/02/2019 14:50:01;T149.TE22;0;0
23/02/2019 14:50:01;T149.TE23;0;0
23/02/2019 14:50:01;T149.TE24;0;0
23/02/2019 14:50:01;T149.TE25;0;0
23/02/2019 14:50:01;T149.TE26;0;0
23/02/2019 14:50:01;T149.TE27;0;0
23/02/2019 14:50:01;T195.PT01;0.163000002503395;100
23/02/2019 14:50:01;T195.PT02;4.83400011062622;100
23/02/2019 14:50:01;T195.PT03;0.935000002384186;100
23/02/2019 14:50:01;T195.PT04;4.14499998092651;100
23/02/2019 14:50:01;T195.PT05;1.69000005722046;100
23/02/2019 14:50:01;T195.PT06;0.416999995708466;100
23/02/2019 14:50:01;T195.PT14;5.75799989700317;100
23/02/2019 14:50:01;T195.PT15;4.53999996185303;100
23/02/2019 14:50:01;T195.PTX1;0.160999998450279;100
23/02/2019 14:50:01;T195.PTX2;4.80800008773804;100
23/02/2019 14:50:01;T195.PTX3;0.933000028133392;100
23/02/2019 14:50:01;T195.PTX4;4.16800022125244;100
23/02/2019 14:50:01;T195.PTX5;1.69099998474121;100
23/02/2019 14:50:01;T195.PTX6;0.416999995708466;100
23/02/2019 14:50:01;T195.SC01;1440;100
23/02/2019 14:50:01;T195.SC02;1440;100
23/02/2019 14:50:01;T195.SC03;0;100
23/02/2019 14:50:01;T195.SC04;1560;100
23/02/2019 14:50:01;T195.SC05;1440;100
23/02/2019 14:50:01;T195.SC06;1440;100
23/02/2019 14:50:01;T195.TE01;30.6019992828369;100
23/02/2019 14:50:01;T195.TE02;89.4059982299805;100
23/02/2019 14:50:01;T195.TE03;20.701000213623;100
23/02/2019 14:50:01;T195.TE04;100.50700378418;100
23/02/2019 14:50:01;T195.TE05;23.5020008087158;100
23/02/2019 14:50:01;T195.TE06;79.5059967041016;100
23/02/2019 14:50:01;T195.TE07;20.201000213623;100
23/02/2019 14:50:01;T195.TE101;30.7019996643066;100
23/02/2019 14:50:01;T195.TE102;23.8020000457764;100
23/02/2019 14:50:01;T195.TE103;21.7019996643066;100
23/02/2019 14:50:01;T195.TE104;115.807998657227;100
23/02/2019 14:50:01;T195.TE105;23.6019992828369;100
23/02/2019 14:50:01;T195.TE106;101.00700378418;100
23/02/2019 14:50:01;T195.TE11;28.2019996643066;100
23/02/2019 14:50:01;T195.TE12;85.8059997558594;100
23/02/2019 14:50:01;T195.TE121;124.30899810791;100
23/02/2019 14:50:01;T195.TE122;134.309997558594;100
23/02/2019 14:50:01;T195.TE123;21.3020000457764;100
23/02/2019 14:50:01;T195.TE124;118.408996582031;100
23/02/2019 14:50:01;T195.TE125;122.408996582031;100
23/02/2019 14:50:01;T195.TE126;121.408996582031;100
23/02/2019 14:50:01;T195.TE13;19.3010005950928;100
23/02/2019 14:50:01;T195.TE14;97.0070037841797;100
23/02/2019 14:50:01;T195.TE15;21.1019992828369;100
23/02/2019 14:50:01;T195.TE16;73.8050003051758;100
23/02/2019 14:50:01;T195.TE21;125.208999633789;100
23/02/2019 14:50:01;T195.TE22;124.80899810791;100
23/02/2019 14:50:01;T195.TE23;19.8010005950928;100
23/02/2019 14:50:01;T195.TE24;125.109001159668;100
23/02/2019 14:50:01;T195.TE25;125.109001159668;100
23/02/2019 14:50:01;T195.TE26;125.109001159668;100
23/02/2019 14:50:01;T196.T196_PI01.F_CV;0;0
23/02/2019 14:50:01;T196.T196_PI02.F_CV;0;0
23/02/2019 14:50:01;T196.T196_PI03.F_CV;0;0
23/02/2019 14:50:01;T196.T196_PI04.F_CV;0;0
23/02/2019 14:50:01;T196.T196_PI05.F_CV;0;0
23/02/2019 14:50:01;T196.T196_PI06.F_CV;0;0
23/02/2019 14:50:01;T196.T196_PV_PC01.F_CV;0;0
23/02/2019 14:50:01;T196.T196_PV_PC02.F_CV;0;0
23/02/2019 14:50:01;T196.T196_PV_PC03.F_CV;0;0
23/02/2019 14:50:01;T196.T196_PV_PC04.F_CV;0;0
23/02/2019 14:50:01;T196.T196_PV_PC05.F_CV;0;0
23/02/2019 14:50:01;T196.T196_PV_PC06.F_CV;0;0
23/02/2019 14:50:01;T196.T196_PV_SIC01.F_CV;0;0
23/02/2019 14:50:01;T196.T196_PV_SIC02.F_CV;0;0
23/02/2019 14:50:01;T196.T196_PV_SIC03.F_CV;0;0
23/02/2019 14:50:01;T196.T196_PV_SIC04.F_CV;0;100
23/02/2019 14:50:01;T196.T196_PV_SIC05.F_CV;0;0
23/02/2019 14:50:01;T196.T196_PV_SIC06.F_CV;0;0
23/02/2019 14:50:01;T196.T196_TI01.F_CV;0;0
23/02/2019 14:50:01;T196.T196_TI02.F_CV;0;0
23/02/2019 14:50:01;T196.T196_TI03.F_CV;0;0
23/02/2019 14:50:01;T196.T196_TI04.F_CV;0;0
23/02/2019 14:50:01;T196.T196_TI05.F_CV;0;0
23/02/2019 14:50:01;T196.T196_TI06.F_CV;0;0
23/02/2019 14:50:01;T196.T196_TI11.F_CV;0;0
23/02/2019 14:50:01;T196.T196_TI12.F_CV;0;0
23/02/2019 14:50:01;T196.T196_TI13.F_CV;0;0
23/02/2019 14:50:01;T196.T196_TI14.F_CV;0;0
23/02/2019 14:50:01;T196.T196_TI15.F_CV;0;0
23/02/2019 14:50:01;T196.T196_TI16.F_CV;0;0
23/02/2019 14:50:01;T217.P_MES_CEL.F_CV;0;0
23/02/2019 14:50:01;T217.P_MES_GAZ.F_CV;0;0
23/02/2019 14:50:01;T217.P_MES_POMPE.F_CV;0;0
23/02/2019 14:50:01;T217.T_MES_CEL.F_CV;0;0
23/02/2019 14:50:01;T217.T_MES_GAZ.F_CV;0;0
23/02/2019 14:50:01;T217.T_MES_POMPE.F_CV;0;0
23/02/2019 14:50:01;T217.V_MES_BAS.F_CV;0;0
23/02/2019 14:50:01;T217.V_MES_HAUT.F_CV;0;0
23/02/2019 14:50:01;T230.PI01;20.6429763838966;100
23/02/2019 14:50:01;T230.PI02;40.9208624155029;100
23/02/2019 14:50:01;T230.PI07;13.9105990925976;100
23/02/2019 14:50:01;T230.SI01;-3.46913743709044;100
23/02/2019 14:50:01;T230.TI01;20.3258873139709;100
23/02/2019 14:50:01;T236.PT20;-9999;100
23/02/2019 14:50:01;T236.PV12;-9999;100
23/02/2019 14:50:01;T236.TE01;-9999;100
23/02/2019 14:50:01;T236.TE02;-9999;100
23/02/2019 14:50:01;T236.TE03;-9999;100
23/02/2019 14:50:01;T236.TE04;-9999;100
23/02/2019 14:50:01;T236.TE05;-9999;100
23/02/2019 14:50:01;T236.TE06;-9999;100
23/02/2019 14:50:01;T236.TE08;-9999;100
23/02/2019 14:50:01;T236.TE09;-9999;100
23/02/2019 14:50:01;T236.TE10;-9999;100
23/02/2019 14:50:01;T236.TE11;-9999;100
23/02/2019 14:50:01;T238.FI01;0;0
23/02/2019 14:50:01;T238.FI02;0;0
23/02/2019 14:50:01;T238.FI03;0;0
23/02/2019 14:50:01;T238.FI04;0;0
23/02/2019 14:50:01;T241.FI01;11.8543576529533;100
23/02/2019 14:50:01;T241.FI02;-2.56676202749077E-03;100
23/02/2019 14:50:01;T241.FI04;4.13694463559105;100
23/02/2019 14:50:01;T241.FI05;2.46871583064382;100
23/02/2019 14:50:01;T241.FI06;0.464042037975656;100
23/02/2019 14:50:01;T241.FI07;28.3508173257689;100
23/02/2019 14:50:01;T241.FI08;1961.88804872252;100
23/02/2019 14:50:01;T241.FI17;2.9266136340069;100
23/02/2019 14:50:01;T241.HEV02B;1;100
23/02/2019 14:50:01;T241.PI04;9.99300194779974;100
23/02/2019 14:50:01;T241.PI06;10.1125800011744;100
23/02/2019 14:50:01;T241.TI01;220.94582693129;100
23/02/2019 14:50:01;T241.TI02;222.123723751114;100
23/02/2019 14:50:01;T241.TI03;221.128500370578;100
23/02/2019 14:50:01;T241.TI04;221.938106647072;100
23/02/2019 14:50:01;T241.TI05;221.300742043393;100
23/02/2019 14:50:01;T241.TI06;222.443271214897;100
23/02/2019 14:50:01;T241.TI07;219.460077747289;100
23/02/2019 14:50:01;T241.TI08;23.9177444330691;100
23/02/2019 14:50:01;T241.TI12;20.7974651678668;100
23/02/2019 14:50:01;T241.TI17;45.5823453824621;100
23/02/2019 14:50:01;T341.FT01;0.010506808757782;100
23/02/2019 14:50:01;T341.PT01;110;100
23/02/2019 14:50:01;T341.SP_SC01;500;100
23/02/2019 14:50:01;T341.SP_TC01;219.98957824707;100
23/02/2019 14:50:01;T341.ST01;6600;100
23/02/2019 14:50:01;T341.TE01;220;100
23/02/2019 14:50:01;T419.FC01;1.54072260950306E-03;100
23/02/2019 14:50:01;T419.FC02;1.76230100799861E-03;100
23/02/2019 14:50:01;T419.FC03;1.59959353057282E-03;100
23/02/2019 14:50:01;T419.FC04;1.78242295630844E-03;100
23/02/2019 14:50:01;T419.FC05;1.85225589927696E-03;100
23/02/2019 14:50:01;T419.FC06;1.11212956237177E-02;100
23/02/2019 14:50:01;T419.FC07;5.20096213632011E-03;100
23/02/2019 14:50:01;T419.TC;19.2077187578067;100
23/02/2019 14:50:01;T451.AT100;5.77660991513978;100
23/02/2019 14:50:01;T451.AT200;26.0124208230667;100
23/02/2019 14:50:01;T451.AT300;-1.43800574335182E-02;100
23/02/2019 14:50:01;T451.FT100;-2.24414046475977E-03;100
23/02/2019 14:50:01;T451.FT200;-2.11412777163805E-02;100
23/02/2019 14:50:01;T451.FT300;-10.0129043868259;100
23/02/2019 14:50:01;T451.PT100;-5.73437886736137E-02;100
23/02/2019 14:50:01;T451.PT200;-5.97311328195756E-02;100
23/02/2019 14:50:01;T451.TE100;22.0227662936351;100
23/02/2019 14:50:01;T451.TE200;21.5941959197275;100
23/02/2019 14:50:01;T451.TE300;21.617664402019;100
23/02/2019 14:50:01;T460.FT01;0.185024167882639;100
23/02/2019 14:50:01;T460.FT02;0.671455328482582;100
23/02/2019 14:50:01;T460.FT03;6.45113721879343E-02;100
23/02/2019 14:50:01;T460.PH01;26.0155935125083;100
23/02/2019 14:50:01;T460.PH02;26.0049969008784;100
23/02/2019 14:50:01;T460.PH03;26.0181163568396;100
23/02/2019 14:50:01;T460.PR01;-1.69306939155795E-02;100
23/02/2019 14:50:01;T460.PR02;-6.62010857212263E-02;100
23/02/2019 14:50:01;T460.PR03;-1.99333186719464E-02;100
23/02/2019 14:50:01;T460.TE01;21.7136725065298;100
23/02/2019 14:50:01;T460.TE02;21.3843702511177;100
23/02/2019 14:50:01;T460.TE03;21.411921833225;100
23/02/2019 14:50:01;T475.Fan_HCC1_1_SP;0;0
23/02/2019 14:50:01;T475.Fan_HCC1_2_SP;0;0
23/02/2019 14:50:01;T475.Fan_HCC2_1_SP;0;0
23/02/2019 14:50:01;T475.Fan_HCC2_2_SP;0;0
23/02/2019 14:50:01;T475.FIC_110_OUTPUT;0;0
23/02/2019 14:50:01;T475.FIC_110_PV;0;0
23/02/2019 14:50:01;T475.FIC_110_SP;0;0
23/02/2019 14:50:01;T475.FIC_120_OUTPUT;0;0
23/02/2019 14:50:01;T475.FIC_120_PV;0;0
23/02/2019 14:50:01;T475.FIC_120_SP;0;0
23/02/2019 14:50:01;T475.FIC_130_OUTPUT;0;0
23/02/2019 14:50:01;T475.FIC_130_PV;0;0
23/02/2019 14:50:01;T475.FIC_130_SP;0;0
23/02/2019 14:50:01;T475.FIC_201_PV;0;0
23/02/2019 14:50:01;T475.FIC_201_SP;0;0
23/02/2019 14:50:01;T475.FIC_202_PV;0;0
23/02/2019 14:50:01;T475.FIC_202_SP;0;0
23/02/2019 14:50:01;T475.FIC_203_PV;0;0
23/02/2019 14:50:01;T475.FIC_203_SP;0;0
23/02/2019 14:50:01;T475.FIC_204_PV;0;0
23/02/2019 14:50:01;T475.FIC_204_SP;0;0
23/02/2019 14:50:01;T475.FIC_205_PV;0;0
23/02/2019 14:50:01;T475.FIC_205_SP;0;0
23/02/2019 14:50:01;T475.FIC_206_PV;0;0
23/02/2019 14:50:01;T475.FIC_206_SP;0;0
23/02/2019 14:50:01;T475.FIC_207_PV;0;0
23/02/2019 14:50:01;T475.FIC_207_SP;0;0
23/02/2019 14:50:01;T475.FIC_208_PV;0;0
23/02/2019 14:50:01;T475.FIC_208_SP;0;0
23/02/2019 14:50:01;T475.FIC_209_PV;0;0
23/02/2019 14:50:01;T475.FIC_209_SP;0;0
23/02/2019 14:50:01;T475.FIC_210_PV;0;0
23/02/2019 14:50:01;T475.FIC_210_SP;0;0
23/02/2019 14:50:01;T475.FIC_211_PV;0;0
23/02/2019 14:50:01;T475.FIC_211_SP;0;0
23/02/2019 14:50:01;T475.FIC_212_PV;0;0
23/02/2019 14:50:01;T475.FIC_212_SP;0;0
23/02/2019 14:50:01;T475.FIC_213_PV;0;0
23/02/2019 14:50:01;T475.FIC_213_SP;0;0
23/02/2019 14:50:01;T475.FIC_214_PV;0;0
23/02/2019 14:50:01;T475.FIC_214_SP;0;0
23/02/2019 14:50:01;T475.FIC_215_PV;0;0
23/02/2019 14:50:01;T475.FIC_215_SP;0;0
23/02/2019 14:50:01;T475.FIC_216_PV;0;0
23/02/2019 14:50:01;T475.FIC_216_SP;0;0
23/02/2019 14:50:01;T475.FIC_300_OUTPUT;0;0
23/02/2019 14:50:01;T475.FIC_300_PV;0;0
23/02/2019 14:50:01;T475.FIC_300_SP;0;0
23/02/2019 14:50:01;T475.FIC_501_OUTPUT;0;0
23/02/2019 14:50:01;T475.FIC_501_PV;0;0
23/02/2019 14:50:01;T475.FIC_501_SP;0;0
23/02/2019 14:50:01;T475.FIC_502_OUTPUT;0;0
23/02/2019 14:50:01;T475.FIC_502_PV;0;0
23/02/2019 14:50:01;T475.FIC_502_SP;0;0
23/02/2019 14:50:01;T475.FIC_503_OUTPUT;0;0
23/02/2019 14:50:01;T475.FIC_503_PV;0;0
23/02/2019 14:50:01;T475.FIC_503_SP;0;0
23/02/2019 14:50:01;T475.FIC_504_OUTPUT;0;0
23/02/2019 14:50:01;T475.FIC_504_PV;0;0
23/02/2019 14:50:01;T475.FIC_504_SP;0;0
23/02/2019 14:50:01;T475.FIC_505_OUTPUT;0;0
23/02/2019 14:50:01;T475.FIC_505_PV;0;0
23/02/2019 14:50:01;T475.FIC_505_SP;0;0
23/02/2019 14:50:01;T475.FIC_506_OUTPUT;0;0
23/02/2019 14:50:01;T475.FIC_506_PV;0;0
23/02/2019 14:50:01;T475.FIC_506_SP;0;0
23/02/2019 14:50:01;T475.FIC_507_OUTPUT;0;0
23/02/2019 14:50:01;T475.FIC_507_PV;0;0
23/02/2019 14:50:01;T475.FIC_507_SP;0;0
23/02/2019 14:50:01;T475.FIC_508_OUTPUT;0;0
23/02/2019 14:50:01;T475.FIC_508_PV;0;0
23/02/2019 14:50:01;T475.FIC_508_SP;0;0
23/02/2019 14:50:01;T475.FIC_509_OUTPUT;0;0
23/02/2019 14:50:01;T475.FIC_509_PV;0;0
23/02/2019 14:50:01;T475.FIC_509_SP;0;0
23/02/2019 14:50:01;T475.FIC_510_OUTPUT;0;0
23/02/2019 14:50:01;T475.FIC_510_PV;0;0
23/02/2019 14:50:01;T475.FIC_510_SP;0;0
23/02/2019 14:50:01;T475.FIC_511_OUTPUT;0;0
23/02/2019 14:50:01;T475.FIC_511_PV;0;0
23/02/2019 14:50:01;T475.FIC_511_SP;0;0
23/02/2019 14:50:01;T475.FIC_512_OUTPUT;0;0
23/02/2019 14:50:01;T475.FIC_512_PV;0;0
23/02/2019 14:50:01;T475.FIC_512_SP;0;0
23/02/2019 14:50:01;T475.FIC_513_OUTPUT;0;0
23/02/2019 14:50:01;T475.FIC_513_PV;0;0
23/02/2019 14:50:01;T475.FIC_513_SP;0;0
23/02/2019 14:50:01;T475.FIC_514_OUTPUT;0;0
23/02/2019 14:50:01;T475.FIC_514_PV;0;0
23/02/2019 14:50:01;T475.FIC_514_SP;0;0
23/02/2019 14:50:01;T475.FIC_515_OUTPUT;0;0
23/02/2019 14:50:01;T475.FIC_515_PV;0;0
23/02/2019 14:50:01;T475.FIC_515_SP;0;0
23/02/2019 14:50:01;T475.FIC_516_OUTPUT;0;0
23/02/2019 14:50:01;T475.FIC_516_PV;0;0
23/02/2019 14:50:01;T475.FIC_516_SP;0;0
23/02/2019 14:50:01;T475.GC1_Start_SP;0;0
23/02/2019 14:50:01;T475.HCC1_Control_OnOff_SP;0;0
23/02/2019 14:50:01;T475.HCC2_Control_OnOff_SP;0;0
23/02/2019 14:50:01;T475.KCV_115_SP;0;0
23/02/2019 14:50:01;T475.KCV_125_SP;0;0
23/02/2019 14:50:01;T475.KCV_135_SP;0;0
23/02/2019 14:50:01;T475.KCV_213_SP;0;0
23/02/2019 14:50:01;T475.KCV_214_SP;0;0
23/02/2019 14:50:01;T475.P_210_pressure_pressPV;0;0
23/02/2019 14:50:01;T475.P_210_pressure_PV;0;0
23/02/2019 14:50:01;T475.P_210_pressure_SP;0;0
23/02/2019 14:50:01;T475.PI_112_PV;0;0
23/02/2019 14:50:01;T475.PI_122_PV;0;0
23/02/2019 14:50:01;T475.PI_132_PV;0;0
23/02/2019 14:50:01;T475.PI_192_PV;0;0
23/02/2019 14:50:01;T475.PI_229_PV;0;0
23/02/2019 14:50:01;T475.PI_230_PV;0;0
23/02/2019 14:50:01;T475.PI_301_PV;0;0
23/02/2019 14:50:01;T475.PI_302_PV;0;0
23/02/2019 14:50:01;T475.PI_303_PV;0;0
23/02/2019 14:50:01;T475.PI_304_PV;0;0
23/02/2019 14:50:01;T475.PI_305_PV;0;0
23/02/2019 14:50:01;T475.PI_306_PV;0;0
23/02/2019 14:50:01;T475.PI_307_PV;0;0
23/02/2019 14:50:01;T475.PI_308_PV;0;0
23/02/2019 14:50:01;T475.PI_309_PV;0;0
23/02/2019 14:50:01;T475.PI_310_PV;0;0
23/02/2019 14:50:01;T475.PI_311_PV;0;0
23/02/2019 14:50:01;T475.PI_312_PV;0;0
23/02/2019 14:50:01;T475.PI_313_PV;0;0
23/02/2019 14:50:01;T475.PI_314_PV;0;0
23/02/2019 14:50:01;T475.PI_315_PV;0;0
23/02/2019 14:50:01;T475.PI_316_PV;0;0
23/02/2019 14:50:01;T475.PI_362_PV;0;0
23/02/2019 14:50:01;T475.PI_364_PV;0;0
23/02/2019 14:50:01;T475.PI_521_PV;0;0
23/02/2019 14:50:01;T475.PI_522_PV;0;0
23/02/2019 14:50:01;T475.PI_523_PV;0;0
23/02/2019 14:50:01;T475.PI_524_PV;0;0
23/02/2019 14:50:01;T475.PI_525_PV;0;0
23/02/2019 14:50:01;T475.PI_526_PV;0;0
23/02/2019 14:50:01;T475.PI_527_PV;0;0
23/02/2019 14:50:01;T475.PI_528_PV;0;0
23/02/2019 14:50:01;T475.PI_529_PV;0;0
23/02/2019 14:50:01;T475.PI_530_PV;0;0
23/02/2019 14:50:01;T475.PI_531_PV;0;0
23/02/2019 14:50:01;T475.PI_532_PV;0;0
23/02/2019 14:50:01;T475.PI_533_PV;0;0
23/02/2019 14:50:01;T475.PI_534_PV;0;0
23/02/2019 14:50:01;T475.PI_535_PV;0;0
23/02/2019 14:50:01;T475.PI_536_PV;0;0
23/02/2019 14:50:01;T475.PI_803_PV;0;0
23/02/2019 14:50:01;T475.PIC_400_OUTPUT;0;0
23/02/2019 14:50:01;T475.PIC_400_PV;0;0
23/02/2019 14:50:01;T475.PIC_400_RR;0;0
23/02/2019 14:50:01;T475.PIC_400_SP;0;0
23/02/2019 14:50:01;T475.PIC_517_OUTPUT;0;0
23/02/2019 14:50:01;T475.PIC_517_PV;0;0
23/02/2019 14:50:01;T475.PIC_517_RR;0;0
23/02/2019 14:50:01;T475.PIC_517_SP;0;0
23/02/2019 14:50:01;T475.SampleLine1_PV;0;0
23/02/2019 14:50:01;T475.SampleLine2_PV;0;0
23/02/2019 14:50:01;T475.SV_940_PV;0;0
23/02/2019 14:50:01;T475.SV_940_SP;0;0
23/02/2019 14:50:01;T475.SV_941_PV;0;0
23/02/2019 14:50:01;T475.SV_941_SP;0;0
23/02/2019 14:50:01;T475.SV_942_PV;0;0
23/02/2019 14:50:01;T475.SV_942_SP;0;0
23/02/2019 14:50:01;T475.TIC_201_OUTPUT;0;0
23/02/2019 14:50:01;T475.TIC_201_PV;0;0
23/02/2019 14:50:01;T475.TIC_201_SP;0;0
23/02/2019 14:50:01;T475.TIC_202_OUTPUT;0;0
23/02/2019 14:50:01;T475.TIC_202_PV;0;0
23/02/2019 14:50:01;T475.TIC_202_SP;0;0
23/02/2019 14:50:01;T475.TIC_203_OUTPUT;0;0
23/02/2019 14:50:01;T475.TIC_203_PV;0;0
23/02/2019 14:50:01;T475.TIC_203_SP;0;0
23/02/2019 14:50:01;T475.TIC_204_OUTPUT;0;0
23/02/2019 14:50:01;T475.TIC_204_PV;0;0
23/02/2019 14:50:01;T475.TIC_204_SP;0;0
23/02/2019 14:50:01;T475.TIC_205_OUTPUT;0;0
23/02/2019 14:50:01;T475.TIC_205_PV;0;0
23/02/2019 14:50:01;T475.TIC_205_SP;0;0
23/02/2019 14:50:01;T475.TIC_206_OUTPUT;0;0
23/02/2019 14:50:01;T475.TIC_206_PV;0;0
23/02/2019 14:50:01;T475.TIC_206_SP;0;0
23/02/2019 14:50:01;T475.TIC_207_OUTPUT;0;0
23/02/2019 14:50:01;T475.TIC_207_PV;0;0
23/02/2019 14:50:01;T475.TIC_207_SP;0;0
23/02/2019 14:50:01;T475.TIC_208_OUTPUT;0;0
23/02/2019 14:50:01;T475.TIC_208_PV;0;0
23/02/2019 14:50:01;T475.TIC_208_SP;0;0
23/02/2019 14:50:01;T475.TIC_209_OUTPUT;0;0
23/02/2019 14:50:01;T475.TIC_209_PV;0;0
23/02/2019 14:50:01;T475.TIC_209_SP;0;0
23/02/2019 14:50:01;T475.TIC_210_OUTPUT;0;0
23/02/2019 14:50:01;T475.TIC_210_PV;0;0
23/02/2019 14:50:01;T475.TIC_210_SP;0;0
23/02/2019 14:50:01;T475.TIC_211_OUTPUT;0;0
23/02/2019 14:50:01;T475.TIC_211_PV;0;0
23/02/2019 14:50:01;T475.TIC_211_SP;0;0
23/02/2019 14:50:01;T475.TIC_212_OUTPUT;0;0
23/02/2019 14:50:01;T475.TIC_212_PV;0;0
23/02/2019 14:50:01;T475.TIC_212_SP;0;0